crim,zn,indus,chas,nox,rm,age,dis,rad,tax,ptratio,b,lstat,medv
-0.12038116395359824,-2.172669546014036,1.1096998419562232,0.6725737012027313,1.8998819348952156,-0.24125765461854246,-0.5353281859539227,1.1070806692869728,-0.09053328230416077,-0.13263374638257355,-0.9745293046706415,0.8474216771504216,0.40981865692851255,0.24108929441754867
-1.1196174332890112,0.14088624691120394,0.5820977034686158,-0.372206776071053,1.088748619704186,-0.9594392367234797,0.32316771418478146,-0.4888494217862741,-0.14760258629866868,1.884586305934609,1.543243528272189,-1.7684393655628516,-0.22648409884983192,46.37292307723747
-1.129706854657618,0.5298041779152828,-1.2110161997624567,-0.8604133652839524,-0.38455554422982535,0.047398671316414016,-2.4716445001272893,0.8356921120651418,-0.7968952554704768,1.0062928092144405,-0.5768918695231487,1.4415686206579004,-0.6518361078021592,-148.5736576583223
0.006799844559997769,-0.19003903500149447,-0.07595102364252276,-0.835142901630023,2.0895387216947734,0.15175799224874037,-0.18039168176240783,2.0236062192296393,1.3728484746765302,-1.6076610271180587,0.18474057889572446,-0.3574454228104272,-0.31984752325484395,-51.66695619088876
0.45588777208160763,2.165002344901084,0.9960476858058164,1.5013336519554867,-0.32267983884213575,-1.4218106667418438,0.9278401280812372,0.5562300094006599,0.0570131248970845,-0.25083301645504735,1.328194141849058,-0.643518230380143,-0.7567950885694608,91.20227528313954
-0.535235211560568,1.3173940656343257,0.9246336829127688,0.6982233136135899,0.3934853854217496,-0.6469367777055739,2.0752608726252655,1.0495527153193351,-0.6891878180895679,0.8951932200277323,0.6351718016819695,0.19759960469239965,0.05963036992017413,144.5743669249072
1.8466369960476658,-1.0700847663261526,-1.0212328171307132,-0.5640786307367284,-1.2803043986708944,0.24380071377119883,-0.6919080698812444,-0.09917586377938291,-0.045586016355497805,0.8724573282801447,0.650201177958661,-1.5255251709247388,0.7083564472993533,66.39291922368221
1.2360931752104374,1.091310120594269,0.0760053914124115,0.169360824036078,-1.4137144969049802,-0.9206735930793662,-1.092312764672579,-0.7355299425897666,-0.3164084496948019,-0.11122606134870032,-0.9039076414647897,0.609138120907177,0.5387559924463692,33.588347115625766
-0.6389617476895022,-1.3230897934074983,-0.1730718242838696,-1.4400508825942944,1.5945050632249722,-1.0962750868952018,1.0098170893426341,-2.153390113603715,-0.6881503451777238,-0.8469613483183278,-0.9913923494563072,1.642015160136369,0.015579047581467534,-244.8435022351751
-0.42076179368105326,-2.6042138566271342,0.9216501119244593,-1.4511756900515589,-0.01208894784605456,1.5111549302473475,0.4367385517335095,0.8868873900973003,0.40429475496169764,-1.252393444413119,0.3636318826249679,0.19894814679649453,-0.12754912037753421,-95.8640866550404
0.49568188797260465,0.15041890514357642,-1.0399059271255309,-0.6237689606958051,1.9140313538667861,-1.0534155631736561,2.403415585238275,0.8700677306887542,-0.05761879703358539,-0.19068240076334658,0.21743287317972287,0.3649610024662254,0.6127739050625697,11.92941499336117
0.5296927543567308,-0.07049877805909122,0.5578103063518622,-1.0651136630753726,-0.30522470435466764,-1.3118362323501596,0.06447441481012024,0.056649924897107164,-1.9754665663538713,-0.6095122021592831,-0.186971302985446,0.4865016438262019,0.010352619843380607,-100.69075308700617
-2.6357477390168778,0.003375506597160999,1.0213832954293984,-1.879924385139045,1.8709651753717822,-1.5859833122379583,0.9242701395378298,0.5346290861224353,-1.0138959522925377,0.38961417737090387,-0.8682927318763665,0.32782117284308526,2.088442772869925,32.39997904863583
-2.8485426206300755,1.1487657003721035,0.2606737658239071,-0.025554070991445278,1.1727290192593647,-0.6716233679380516,-0.36244094140313216,0.7716987106483447,-1.1196698946261439,0.5436001545944323,-0.37061433208610595,-1.7397137787780996,-0.5503051538454201,-97.52565578976763
-0.7728252145375718,-0.23681860674000887,0.5150476863060479,1.135565640180599,0.9540017634932023,0.570890510693167,0.08187413938632256,0.7589692204932674,2.3146585666735087,0.651391251305798,-0.3152692446403456,-0.48536354782910346,3.852731490654721,472.645637923013
-1.5708761520684993,-1.1267674689098053,0.5609194479412387,-0.33381948975600995,1.1731246375866413,0.6969544045107356,0.14294309476370676,0.4477169258102776,1.732514999485092,0.3696421921980939,-0.10730214400422888,-1.1939250063990554,-0.29548031802916036,-49.41444109221212
-0.09858813228426173,0.018849622944847662,-0.13125696709230472,-0.6500025808234597,0.16865467196672768,-0.22485598180807856,0.23321613126350166,1.41093237974627,0.9531366339132451,0.44194064956940904,-1.090399077442846,0.7082144232565571,0.07685188295876821,-45.96373796452127
1.6725723868377034,0.4190190093660452,0.2337859117907477,0.8335289616089246,-1.9937356425714554,0.33088023221445706,-0.05576907765770601,-1.2096410186912054,0.5583269125217224,0.37405656984757213,1.2276689924732922,-0.7050118557584089,-1.5558956462036273,-11.832861595347822
-0.015309849172995557,0.5792914996010884,0.541462728204788,-2.59104229214491,-0.5462444482524828,-0.5765104007267194,-0.9730689408815555,0.18335991977915564,1.1965715016644913,0.3918040054025465,-1.4789115687741288,0.11958036841415326,0.7591551603026468,-42.06953963575994
-0.773789199103573,-1.244654703311417,-0.4442932600761116,-0.9221653241776254,0.8696059201056602,0.7569886166453519,1.496044311489183,1.876795812558066,0.6543656563540577,1.355637858804951,0.41343490322370086,-1.7787202489042786,0.3773004930448522,39.64651548976663
-0.6771617115121117,0.9751197334177512,-1.2141886127877322,0.6241198170521551,0.6283455092642799,0.7916626939629359,-0.8254971967925115,0.07580455819372633,-0.32138584165299344,-0.012246772846914623,-0.8972543714858315,-0.14705738150213865,1.1581108735000678,127.89522850806166
0.41953244390702776,-0.8874921778021001,0.4446026682201407,-0.1340171666729177,0.014688194729197093,-0.6097829043193822,0.7223813578277714,-0.12094814860778157,-0.372833152091767,-0.78489831308224,0.648280433843859,-0.43745830032341043,1.196631486645651,70.63822920618685
-0.9811655311396816,-0.46440426230938764,-1.0858251288851855,0.6663125009092119,0.4625912928539512,-1.148794035158656,0.7833905092825955,1.1941094030473725,-0.2515388860444957,-1.7258067287905967,-0.6775646523356551,0.4620608932518965,0.6793732829565033,-147.31462644788166
1.8811570694405901,-1.448013900416244,-0.7001208149391732,-0.5589218472715883,0.37721187506452086,-1.5231869047837747,0.4400144500533324,-0.5551995266931984,-0.5020542243526112,1.5655240292343404,-0.0657502610729878,-2.198805956620082,1.1950466289248425,44.92764041694506
-1.3801014582148914,-1.7033824393551547,-1.7587394864231143,-0.26940683444455776,0.7175422557959623,-2.0392321777601006,0.3840654489393073,1.6286155455712918,-0.03269474809409311,1.502357052096028,0.07409478041977519,-0.05554769889661878,-1.183258512665775,-364.5632727960209
-0.36961033604363397,0.37710039390218647,0.4676931717654332,0.3080505395041023,-0.3916485674217911,0.09798315347089544,1.1260502507721681,0.6215718898560508,-0.05139372358848624,0.26912694124510733,-0.3431922754974105,-0.029262813684978354,1.0857863249393471,140.0625799841408
1.0005823180429783,-0.6706202090766449,1.2657078408647007,0.42719436187168486,-0.646227309843803,0.9694572005267368,-0.2500465145989528,0.9191541736100015,0.28869362927985703,1.775310892609512,-1.19363683175648,1.3924653000643288,-0.8661748482145009,52.108931555550015
2.0243096232868525,-1.3631740045928105,-2.211861911329507,-0.2666523292344148,-0.42924442029866183,-1.423957152450145,-0.6619821777966091,0.46217266608194285,0.42588720619303577,0.5885532697707198,-1.5981243518837476,0.18970616761039566,1.5334337012963255,-64.78665355304526
0.2110174672026184,-0.09671311187039239,-0.7043436905427592,0.6060099513456396,-1.280429352496283,-1.5566291735239037,0.39913611435207086,1.6964563682900382,-0.037634702424848364,1.7547941819843647,-2.081929407883722,-0.5449190868089497,-1.4084612963635597,-267.8101885793536
0.25972250172148187,-0.9043166251044086,-1.6694052811213718,0.5705986685931593,-0.7632591565425169,-0.6626237589458467,-1.6615200622689599,0.048084946661381994,-0.06607979864731657,-1.804882100664519,-1.6275424378831627,0.6385924587773739,0.543360192379935,-209.64946251055835
-0.5574917850078336,-1.3698029795790778,0.6337768809320985,-0.12982069973342616,0.0438114719791096,-0.1852876588777083,2.5797093376543185,2.2105230015913513,-0.8036745679697308,-0.14700200162848862,0.9638791167949097,-0.08828204835125482,0.41379909745149823,16.921405757203253
0.99626681944714,-0.4937565831613125,-1.2946814757209058,0.3465038817307158,-0.04692057887918407,-0.46770120131189136,-0.4281151609659125,-1.2829922241885696,1.5007597906343109,0.47704082722312147,0.07682189106025536,-1.556581898659751,1.1608267873785194,68.24768898002785
0.49097495163825133,0.7348777860498175,0.30740669780910074,-0.5830774385689385,-0.1671217137864115,0.8604734883597454,1.173473857485325,1.6073455760199926,0.18102155870370695,0.28257995048829965,-0.24869112618354708,0.6628812686674127,0.8157372125392968,184.31601592227557
0.09699596499271819,0.5951570254369136,0.8254163489880298,0.02100384163275905,0.6819529712949639,1.305478807154329,2.0923872756854602,-0.13014305436768459,-1.006017381499702,-0.31026675659345604,0.3241663524884421,-0.8182206832334725,0.8135096360006385,237.0911079606209
0.5049872789804571,0.8657551941701215,2.1439440893253257,0.18645431476942764,-0.661786464768388,-2.025142586657607,-0.3345012358409484,-0.11473644146689901,-0.4749453111609562,0.852433334796224,-0.7925207384327007,-1.2002964070557762,0.6339190223180112,92.77319596552086
2.1904556258099785,-0.9905363251306883,-1.168678037619532,0.7910319470430469,-0.9093874547947389,0.7519330326867741,0.09965136508764122,0.5868570938002703,-0.5034756541161992,1.4027943109360992,-1.4018510627922809,-0.5662977296027719,1.1428228145150205,146.67593757874047
-0.47209057769712737,-1.9792998103757877,2.2313001461926323,-1.801057734152739,-0.5426737997340217,0.5008444749444569,-1.0727430257398065,-0.1681438185847896,0.23924686411114954,-0.7877837519082389,-0.620847598251116,0.7479102561175338,0.6380511014407572,-42.67327803832002
0.47363207681145447,-0.9263811299815384,0.3674816654743044,0.4826878872092127,0.4200944904518413,0.9218015019772522,-0.9186865114860944,-1.1308884353259157,-0.4173668136050844,0.606850593215671,2.0565435648295414,0.5555126463422483,-0.3135296861723979,125.5594540945846
-0.31607285602704976,0.6157711497711416,-0.13427916218630415,0.9653974845911707,1.2361307218062179,0.9262154022415924,-0.13944627568099954,-0.6176518954343502,-0.4501892648514116,0.08865759096143744,0.1973157074055956,1.2038844371688162,1.42274813609994,269.1672027723426
0.822544912103189,-1.2208436499710222,-1.1509935774223028,-0.2916937497932768,-0.6017066122293969,-0.600638689918805,-1.9596701238797756,-1.0577109289559004,-1.3281860488984305,1.8522781845089378,-0.013497224737933921,0.2088635950047554,0.37569801834567196,-37.741749676431404
0.9980101098596522,-2.8962553781936893,0.7276295436369798,-0.08071658010858232,0.07863519031609059,0.7326400772155792,-0.13958962815517376,0.3464884758979927,1.1081828167375165,-1.9982006845321076,0.9163276747024814,2.0883747047807275,0.05194588580729943,-54.27725011223467
-0.04946370965243295,0.6748194921666038,-1.0041407667520679,0.23421473253652075,1.5505004928140769,-0.03468488738678118,0.3824097461840506,-0.21398884422550896,0.1664522082130561,-0.998354040738791,0.9843223984765838,-1.1227220215622986,-0.7677975651041284,-50.67466202942926
-0.8108575112103382,-1.2575778589146163,1.2816437950037687,0.24650477843200488,0.49822174849678513,-1.111457956937032,0.4663583744463345,-1.0150941918278686,0.9873345165891019,1.1401490385212665,1.5805406865683735,-0.23401985910698136,0.5576910607251245,71.43487384162515
-2.219300372747535,-0.22979963057519381,-1.3224579567435701,0.5488838353173644,-0.25495579355369785,0.547264797377967,0.17521141890851205,0.08589300629333041,2.98525900260341,-0.12545426000290022,0.3278795241593574,-0.8514064342603136,0.4818660617184915,-50.942918315298535
-1.1246420918378692,-1.5341141707356223,0.046980593764742055,-1.0676204293825944,-0.1423794850212935,0.6228499323474987,0.33231401197959165,0.7116148780888898,-0.7484865365565536,0.12029563171189886,0.514438834058749,1.277676821898509,-0.45006547147924364,-129.9565383074233
-0.5915713888358299,0.5470973811700379,0.6296288419236122,0.7472936051232618,0.6103702654334648,-0.5601810401969696,-0.2176812032272203,1.277664895788425,1.09877685198719,-0.020901593964148132,0.117327383308782,-0.20219265243389406,-0.8289950109220723,-33.30260307672587
1.4535340771573169,-0.2646568332379561,-0.7537361643574896,-0.0771017094141042,0.3411519748166439,-0.8158102849654383,0.6256673477650062,0.01300189187790702,-0.8571575564162826,0.27669079933001905,0.8271832490360238,2.720169166589619,-0.8895144296255233,-79.91315480699544
1.188393273448084,2.5269324258736217,-0.7982972445384537,-0.033126972873797095,1.7945578635177877,-0.7309300399419191,-0.48943944251822213,-0.016422896072752075,1.044160877069072,-0.5176112990361714,0.2237879516388985,-0.5308687729203206,-1.3793192280145272,-23.2636875129972
-0.8911922254152874,-2.151815401329305,0.5087250232299338,-0.4830610516834395,0.14679301198554937,0.8950383140761154,-0.21113023882769444,-0.2685306479058323,-0.987179527151184,1.6122206282554243,0.8968393158655319,-0.7191533192424201,-1.5811907020321334,-142.62179933167485
-2.3629324355418384,-1.0097307047099375,0.1764415552772252,0.08614388304637476,-1.072139011985607,-0.8275902206487197,2.0574954697116987,0.9039348410861953,0.020793707675407894,-2.9213504834946074,0.4365598041576678,0.6191542610051978,-0.3670278390833223,-310.17892939374116
0.8872908372667421,-0.7632861041785816,0.23940450053537707,0.07595526791608741,0.7426824183597224,0.4720022709192744,0.6833289928110694,0.8691560643892732,-0.20931381957936157,0.4822489526806572,-1.2376624223272978,0.03793783544760203,0.49968511030293383,79.50600250877882
-2.246889333984605,-0.6067002947652967,-0.20298063739565708,1.2374381346841392,-0.45730165508679,-0.0635245746153551,1.2000789564268612,0.8484308822052846,-0.49190244750620515,-0.04282338131157488,0.058022734808395225,0.21128369227947272,-0.8000385643976464,-167.16660332796698
0.15039378647620763,0.34175597577715944,0.18334200573835174,-0.8397218421807761,-0.5993926454440222,-0.8082982853551515,0.9504238381860503,-0.759132661553698,-0.5769036556624031,-2.123895724309807,-0.525755021680761,1.8761708392158862,2.1898029332176723,63.13447173155893
0.34767648353833636,-0.4872285641135523,1.235782191822154,1.192507512477975,-1.7785875840065168,0.6802161054504494,0.0341524174880246,-0.08152267310164589,-1.0872459388628026,0.31965182591897723,-0.5041798310076715,-0.6757080791616118,-1.0710536796490489,-33.96553918336042
0.7408243454201259,-0.5132135664715852,-0.9006207346478687,0.6031874310823431,-0.5441140021141926,-0.3286184757489846,-0.9943493746085122,-1.0021874557814727,-2.5623336587953105,-0.1627929060722942,0.04091917539572113,-0.22859991534001858,0.638391925608383,6.129076173049953
0.19808476076785494,-0.14436041192394247,1.8489560949453452,-1.1065259087416703,2.5733598032498604,-0.26888869055483056,-0.5468589412403921,-0.024125087110003277,-0.03275327021599839,0.05921843401448826,0.013929291912946203,-0.5736620068802363,1.1265650295477574,201.60666025108566
-0.9354387020445953,1.0859821161750323,0.33198033056901455,-0.43548637056984335,0.5131057981760827,0.7094518171390395,0.8080577982811451,0.6153674840130534,0.36728731340134063,-0.2595466775839172,0.738810480887503,-0.535963445114048,0.1904996797790664,108.85513878341669
-0.8818746512277178,-0.16306696394376388,0.43192254467394064,1.188913371474643,0.7083038472010638,0.7542913298135743,-0.6751782749743815,-0.026521259249060063,-0.14451867071551783,0.3514482075415829,1.0701502383164274,-0.7449026448064491,0.8004095252276823,206.32278601217462
-2.0733902324081495,-0.34268759408034877,-0.543424771133765,-0.2549772174208553,1.5039929885826886,0.10643022769189683,-1.4075116947178212,1.246085192497629,-0.7778166875908753,-2.650969808393012,1.0915068519224618,-0.37144086599579146,-0.7128457826771644,-200.00730716326174
1.1890165311075518,1.4205042479898549,0.4924512640081491,-0.637739984251316,-0.5309969550018176,2.4553001399108942,-0.8323555731042287,-0.6373871273065177,0.4714155563864041,-0.6231405264247644,-0.5554771191602547,-0.5707462937494763,0.2891686439078181,218.25079168578975
-1.3386057997232488,0.6929186230316111,1.0729780477660118,-1.3810446031537749,0.30381859560487573,-0.7859860326349823,1.7193779062072967,1.4532606633210343,1.9925153531681183,0.7215625051261435,-0.23086637384476896,-0.6058608207588934,2.3638724946193608,209.9981298180757
-1.5625458568865427,-0.5290526773462948,-0.021367294348436157,0.8840453963610497,0.7368438970924334,-2.4242402602729416,-1.2542894231692494,0.5159392177040995,0.2935579321666293,-0.2813275571182134,0.06699071722487192,0.7942646796218271,-0.7472116791478234,-252.48388458379873
0.28586539072490497,0.334456789987025,-0.5522230442809712,-1.515744114997232,1.5475052013300616,0.2029230208512997,2.0102045387663496,-0.38770155993598415,-0.1769472274940494,1.7958776730955217,-0.6127886904843862,0.6585442726728304,0.6329318177555108,99.45284842095562
-2.9403886346642802,0.655900776529761,0.645215585950057,-0.1973384203073261,-0.1512732836535117,0.08958068125524882,-0.018708756445897416,0.5935567222808619,-0.38851845308888583,-0.194908280352681,1.1337700968670645,0.19473619471877485,0.5556044660034485,39.97641531723858
-0.4465149520670211,0.8563987943234723,-1.0708924980611123,0.714000494092092,0.47323762457354485,-0.2234627853258509,-1.245738778711988,-1.5148472246858646,0.173180925851182,-0.07282891265687277,-0.846793718068405,0.21409374413020396,0.4824724152431853,1.293208152765402
0.04886007032570433,0.04059169120388238,-0.019637798926681216,1.3641404299738442,0.12522450264790727,0.22391413406466143,-0.6629009175509482,0.5432980290363879,-1.4026052717996935,-0.429405541125253,0.12229750303228377,-0.7019916878067554,0.5524899544171478,110.25537598522297
1.066674689589154,1.1692955904456728,0.6818914896263114,-0.35929209078705954,0.5906548306923093,0.5839281853259639,0.6487098875896427,0.5072740311072977,-0.16711808031685435,1.1087035805829077,0.820482181197364,1.3821589910375272,1.8467073257360336,414.43387021794405
-0.11453984525261789,1.2378163119734618,-0.898414671348358,1.8314587658543537,1.179440120721287,-1.3202332070206422,-0.5993750229537729,1.3538723741654128,0.005243699718183166,-0.4691756521047048,-1.7131345290908775,-1.594427658794367,0.4919191715065057,3.3495315669479737
-0.10960980392583083,-0.08836295920533532,0.2801611588196068,-0.47383934707091613,-0.014452270878279104,0.4240610444640897,-0.25879606266710237,-0.4363858905265686,1.598647170504717,0.5462842480036996,0.0064222698109378164,-0.3700110298821277,-0.8096035199216461,-52.180513828249644
0.3376026620752022,-0.4118769661224674,0.57707212718054,-0.6039851867158206,0.08658978747289992,0.37114587337130883,-0.4325581878196209,0.2544208433012131,0.39445214237829684,-0.15567723539207948,1.1677820616598074,-0.48760622407249354,-0.2030453860429927,41.175810327719546
0.3464482094969757,-0.6800247215784908,0.1846338585323042,-1.236950710878082,-1.3204566130842763,0.7818228717773104,0.29307247329868125,0.25049285034587654,-0.7143514180263678,0.5219415656168976,0.29698467323318606,0.23225369716100355,0.25988279424842353,21.150515769165935
-0.48423407286625136,1.2669111491866227,-0.6533292325737119,-1.2608839543350452,0.9178619470547761,0.40498171096095553,0.44381942814622843,-1.5193699659540134,0.7746340534293368,2.1221561970126332,1.0324652605511468,-0.7076694656187807,1.7654542402810969,293.404615088731
0.3673655068161781,0.9135846262332494,0.30179189981946597,-0.10015407647995278,-0.20367375017696587,1.2269332238843076,1.4926885689595217,-0.22647889190152676,-0.2711236010425688,-0.877982586756561,-0.82688035403986,-0.8031789506803448,0.7660802783846903,143.22083760680124
0.30263546523903323,-0.7542758500193579,0.2010990467149675,1.1870303055603801,0.6387302220291846,1.1055259329579838,0.3287624103034804,-1.146345393018688,0.32135721545027307,-1.1430049127304835,1.633431532301096,-0.06413834659299254,1.050654396007612,216.55140296353105
-0.9020515543575104,-0.8696630812746944,-1.1388331177807691,0.6704806172412126,-1.0718572330401555,-0.07576428653545988,-1.1894118928673278,0.3764095260975166,1.6426729532559634,-1.5537587660160643,0.8178896580250287,1.1254347844147694,1.0391117874202687,-47.15950830539384
-0.9242331442683044,0.8901984111247868,0.26028050658288615,0.34378788154988543,-0.04865235157045115,-0.9571509148950429,-1.8461878622380938,-0.23040071420576733,-0.92951086019241,0.03279699541158651,-0.7584953347000695,1.0352493347237526,-0.9637589262106109,-149.88291478511607
-0.053120653017545344,1.2235688824186275,2.620793091029975,0.996858773465808,0.2806364044901364,1.4641772387524374,-0.6256772874962124,0.3891591956679287,-1.3192471945987674,1.7586204841951334,0.3721054726068629,1.0964692338108837,-1.1119670257741636,255.78841824533734
1.66125921454787,-0.45709625658627184,-0.46603650186824225,-0.5327008396619114,-1.169916835710288,0.5136001065697166,0.46877425607502377,1.772251596669744,-0.9983854391882915,-2.8722622132816493,-0.027514905050636255,-0.6022120603617805,-1.5947030672667954,-242.71883508445973
-1.881849045497639,-0.5487249077409615,0.2871241652018242,-1.1437262073206618,0.10855970577652314,0.36150352520610163,0.15985639199740037,-0.12853751143893075,-1.0276751409259581,-0.0332299906444608,-0.2081168572725397,0.09284490114111471,-0.6124373746404379,-167.58084642988192
0.6795977489346758,-0.7303666317171367,-1.867265192591748,-0.47193186578943347,1.088950596967366,-1.6127158711896517,0.045571839903813784,-0.7153037092599682,-0.6516003476058171,0.06428001909546277,-1.0777447779293061,0.21645858958197486,0.6862601903745135,-145.45791383879393
1.7976865268495226,0.6408428612670098,-0.22096417382966393,-2.0417348684242906,-0.24717738252059693,0.20838280794755248,0.5725827813561586,-0.2811002928859549,1.3993554365860021,-0.6819842479977986,-1.0016200098949155,-0.5711789897827968,0.02688583899453078,-33.22271118075912
0.47240627788037737,1.484116028535965,0.01914777741575206,1.804348109786743,-0.19090379172729868,0.487872284871074,-0.31305803052315434,-0.9564363768180087,-0.0007085945766459172,0.7197579421481819,-1.2932729578711637,0.35561334878566,-0.6414869090443096,74.71938397001699
0.7906255991627686,-1.9701038177118355,-0.181224173218103,1.4196030045136372,-0.6004235657387051,1.321304032273012,-1.2111719292807812,-0.684629825760004,0.7307641190665245,-1.8665399513606162,1.0075136898369221,0.8925973382993092,-0.649373038321426,-61.20238629727487
-0.46531045678005334,-0.10594835430413566,2.0740826697499735,-0.2860042218801108,1.100959634998571,-2.5302875227463297,-1.5029703283951532,0.4966992232365217,0.25373966149457344,1.9583474542205939,-1.2295495944524168,2.6443433470170348,-0.9193845915864234,-124.0466781183552
0.743264094022715,0.17086543812794186,1.1033018820165215,-0.36361221221385587,-0.056945623721067457,0.1503017614618776,0.01843393306539316,-1.348185422105713,0.34758170536167105,0.3078017688920592,-1.7101683926566256,-0.18398333635267913,0.11422764866203965,27.904224598815347
1.5646436558140062,-2.6197451040897444,1.356240028570823,0.36163602504763415,-0.6451197546051243,1.0035328978920242,0.08704706823817122,-0.03582603910995154,-0.29900735046586746,0.36139560550841393,1.5380365664659692,0.8219025043752238,-0.07201012158033385,111.0515171194632
-0.7217375533372533,0.17682087213939798,-1.496529255090079,-1.44964521969853,-0.9218598131253132,-0.08343796979036086,-0.2716551103260533,0.06934433703625043,1.673452090298537,-1.0039573720814985,0.20726732939894396,-0.5466800845872654,-0.6500239344068982,-246.66033232045862
-0.2727235697476705,-2.6968866429415717,0.07331796718840389,-0.3357846992901282,1.669021525289393,-1.295078772063616,-0.23093453020867796,-0.24574306408594432,0.6962063648134184,-0.2595913513636048,-1.5031429531181062,-0.05429486651781221,-1.2899608997410539,-373.9680583835126
0.3336621052869483,1.0375399442578992,0.24822058630033608,0.8303358165442456,-0.8560838259088672,-0.8498443694647918,-0.26987493529337125,0.47897982574639186,-0.9787637157823074,0.07156623721939247,-0.4776574467651167,-0.510016398854747,-0.4593608995402441,-26.231102255456136
-1.5702247198904564,-0.7271371758248686,1.77080063563551,0.7077519354554754,-0.5624667758942676,1.8124485579969287,-0.07443342910004629,0.6218099622171964,0.620672097550678,0.632407739055521,0.9725544496267299,-0.24751863555150475,-0.6269670577877674,96.79844519622627
-0.47917423784528995,-0.18565897666381712,-0.6769220003059587,0.9312801191161986,-0.8392175232226385,1.030999522495951,-1.1962066240806708,0.9755451271223592,0.812525822394198,-0.3092123758512146,0.33126343140356396,-1.1063349740060282,0.6116762888408679,82.60605855054658
0.4577728661518858,1.6744924333475373,0.6659242520544614,-0.6172531865469232,-0.5583017539460305,0.8389405004696122,0.6687416555925126,0.7789365035121141,-1.0917008761393143,-1.100154232971695,0.4395012306202264,-0.005596018829046555,0.4215866106144557,163.5119679701947
-0.06267909727317188,0.9551423205012383,-2.0674421000398766,0.6696725488300385,0.36659824609684827,-1.3044695005048532,0.5040465155178444,-1.0592135218889516,-0.5302576183724408,-0.9398797863273552,-0.5138669173366935,-0.9857260463355437,-0.08912003951278841,-159.19704234293448
0.5720574417141441,-0.062191016999311004,0.39069592092814415,1.1695899924277735,-0.22939074406802776,1.0473177066214483,-0.3340772309799405,0.5142547560178349,0.5646059258936003,-0.04347694981386243,-1.5311075025557221,1.1243533598705027,-1.326472128311083,-61.0475052239439
-0.6568942789713957,-1.0469109826819396,-0.6777153697521061,-0.3653215513121087,0.1846803058649084,0.13653533108273744,1.185704154662997,1.2004139079444254,0.7189533106650667,-1.3471262895296965,-0.9716140385106515,0.5366527525272862,2.013387247526623,23.314084293528126
1.513449743242131,0.6308116845547775,0.08840688629184736,-0.19365945927971812,-0.7168223206028049,-1.141689114133505,1.8540925663341883,-0.12174750838328353,1.221033695525353,-1.86653661707306,-0.08268068584269925,-1.024186824329205,1.4775300810552618,81.21927765493513
1.0318445394686349,-1.485560373036972,0.22213377163371284,-0.8946073022195039,-0.18687164416135904,1.2557561255735208,0.889630795623437,0.19655477651157463,0.08228398927542419,-0.4397310582741749,1.4469778843537329,0.26705026586925884,-0.4787486216634773,8.25921092386244
0.5765569630557664,0.3112501545435361,-0.5305011476105275,-2.301921164735585,-1.5151910621985523,-0.275051697151644,1.1195749114345768,-0.24903603955637832,-0.12791759148076653,1.3668742674445247,1.6449677135012837,3.0788808084552377,-0.57581824064468,-59.83387678962319
-0.4694743859349521,0.5425600435859647,0.4967141530112327,1.5230298564080254,-0.23415337472333597,0.6476885381006925,-0.46572975357025687,0.7674347291529088,0.24196227156603412,-0.23413695694918055,1.5792128155073915,-0.46341769281246226,-0.13826430117118466,151.44775227625036
1.0560568090660518,0.22323891412915967,-1.7730324682068814,-0.6537663386488198,-0.5956612940434921,-0.9057323008626189,0.28555407485765694,3.1377485336599937,0.5211224283793383,1.3744380931708173,-2.1356742139786955,-0.05489400061628639,1.2619215007139917,3.806341791230551
0.11327041053776446,-1.4382779783173667,0.883109777147159,3.193107567844861,0.29875290836568624,-0.18047991359062565,-0.668144085538994,1.1484457091967548,1.8732977762175456,-0.7517910500951843,-0.4263575962055433,0.9192289345752035,-0.07783719701280203,32.62720333094043
0.6453759495851475,1.3686315575323487,1.551151975522523,0.06751848141010895,2.060747924881987,1.1792971840638264,0.6860514599984393,0.9715709509543554,1.0584244868495878,1.7553408424432044,-0.2489641484790735,-0.9649234605801045,0.11567463429285867,338.5486975790082
-1.308820399119112,-3.0195121558208253,-0.19382613877280352,0.6354180302092264,-1.2392583948534726,-2.0038623644067535,1.8005111815108537,1.360658595838651,1.2389463529394373,0.05993263026632825,0.2773769379581917,0.18384954475369486,-0.26451484131061076,-320.4412720000223
-1.6135613978767411,1.4711703274936085,-0.15852957302697002,-0.4432822511915103,-0.8848027140269009,-0.933267959073196,-0.6690727386599166,-1.3719011429313563,1.0399046873960764,-0.172946059923423,1.7117084801423434,-0.20932367715186612,-0.02730453950993186,-38.53963526166355
0.5752050161065663,0.5006657213812097,-0.387099702474401,-0.29396694766418224,-0.07159925185806683,0.849102110743144,0.007063158628176452,0.8903831635197862,-0.6603211394734471,-1.5178737466808094,-0.3570292008066094,0.04977368718096008,0.6955377575657775,73.14481356812311
0.23878915902651351,-0.2590421458207031,0.8502217421134929,-0.3216350512173826,2.076747983560841,-0.3492577043184288,-0.07160125941406395,1.0302834540318422,-0.03722223650984159,0.38193545223155334,0.43004164719106963,-0.19634984908497827,-0.3486521344078592,51.230932182818464
0.7011727423108983,-0.29756350335999193,0.42192075423528475,-0.24415663529064868,0.9640871682883573,0.45353430151397983,-0.15005558703252672,0.597400069849858,0.12557645347154225,1.1894704889246406,-1.2276078151369925,1.3757068133116195,1.613711269058647,230.1054073289298
0.04643654815614881,-1.3598561409799192,0.14671368643332283,0.3686733088729012,-0.3933388123273607,-0.8169356709872361,0.6454841811410754,0.19109906801990334,2.16325472330546,0.028744822934817487,1.2784518626072987,0.7462535660272207,1.2065089665083568,72.71526507278229
-1.3526702858435344,-1.5223591862178911,-1.3659557112005343,-0.36927713924620315,0.14338846734225108,0.26125053123385605,-0.6292633936927887,-1.0293715081820716,1.5337277099164992,-1.77623523289832,0.40865281148067084,1.1126883749899252,1.2119439853864005,-107.23084642763064
1.0299608175811612,-0.33477533210654087,1.0800480657146485,0.0678555105274033,0.8527736751222195,1.281016361735113,-0.955122579349353,-0.643549832317462,0.42359906559346105,0.48473281729447476,-0.8463566549908735,-0.4036484632419967,-0.4473218956587512,98.3394657868099
1.0571222262189157,0.3436182895684614,0.19686123586912352,-0.11564828238824053,-0.3011036955892888,0.1713682811899705,0.324083969394795,-0.4606387709597875,-0.38508228041631654,-1.4785219903674274,-0.7198442083947086,-1.763040155362734,0.7384665799954104,54.624209066009826
0.23070090571868349,-1.2601647651725802,1.4898634386020821,-0.10325476014904739,-1.6431888111541673,-0.828497024780246,-0.375196380323937,0.020886488295961788,-0.31771509675623405,-0.17585440443207118,1.6614701657280182,-0.6163614080394775,-1.6009039784765156,-174.96121045796872
-0.02435459226098284,2.1422703586118637,1.7359638031652493,-0.48388583405432156,-0.32034730819432017,-0.6514180036144483,0.4363236696740321,-0.573700003938579,0.03800347816820029,0.4241659464019164,0.5228354880354996,1.7275431701007113,0.1979107834626478,164.93011207028604
-1.2221278088919454,0.7129984301723881,-1.1105758454658288,1.2715550949941588,0.7216720640432351,0.9356783931474612,-0.3748208075495975,0.48937456122791806,0.7109599682034915,-1.1290517712172292,-0.5245202662797737,-0.24032539815813503,1.7522704434236227,167.8056706954173
0.14866745720211155,-0.33708597111803934,-0.9393353938187543,0.5999287299962045,1.5307508323436974,-1.2096947428411076,-0.30246968648812833,1.490726136849952,-0.38817681854122876,1.2187618516973167,-0.213442870930208,-0.6134026635409398,-0.14408755572161547,-34.89633351752672
0.4567532191537839,0.5697672802322039,0.24333944932269183,-1.251539424190444,1.4437646040732595,0.3520553965142968,0.6427227598675439,0.34272534637770413,1.3291525301324314,-0.0821511783925688,1.1172958315881276,0.44770856001731496,-0.24123605785632987,82.1882480379075
0.6621306745210467,1.586016816145352,0.010233061019587049,0.19905969557347003,-0.6002168771587947,0.46210347426327075,2.1330333746562666,0.11351734525124804,-1.9520877995225019,0.06980208499001891,-0.3853135968617602,-1.237815498826849,-0.9815086510479509,8.557342204509116
0.9154021177020741,0.32875110965968446,0.0917607765355023,0.3571125715117464,1.477894044741516,-0.21967188783751193,0.5132674331133561,-0.5017570435845365,0.09707754934804039,-0.5182702182736474,-0.8084936028931876,-0.5297602037670388,-1.9875689146008928,-165.14150097118346
-0.09888965319114267,0.9190764829877686,0.5079913269125437,0.3885786045309641,2.4929995174327906,-2.152890592952483,0.26739231407190295,0.08182935854756501,0.3216978061960136,-0.006070911539893324,0.8384907744516419,-0.29027454418865134,-1.1033666061738736,-70.41327081495494
-1.4480843414973241,-1.4074637743765552,0.41293145427562433,0.2436872114919123,0.24496657110872277,-0.8222203955664315,-0.21344715171184725,0.2320499373576363,0.3109075655980046,-0.5069431753711298,-0.4710383056183228,-0.718444221252436,-0.5637245528039747,-223.6428717835247
-1.6075598643689741,-0.7627247785662142,-0.7924199209999613,0.21329370737293857,0.0012054753622242368,-1.8936146669537857,-0.9399031011088647,0.9375701376265584,0.8294748419317485,-0.8170886310681906,0.6592456684324051,-0.7691423497872982,-0.3079615296390403,-256.50518684031147
-1.9663565893760018,2.056207129940322,0.26859227886325693,0.538296079049633,1.0725073373098022,0.5078357562896237,-0.221253623585772,-1.0448091940210336,-0.27681329988892067,-0.3649527295428853,-0.8392096673390064,-1.1032083657216831,1.5284684264125317,204.89569317191888
-0.2346205699574138,0.03823799496002834,0.08568716140335904,-0.8953463223630241,-0.4081008391602206,0.2553837556743171,-0.29967664800678706,0.8584511166566653,-0.05020461704174478,-0.9958153947902291,0.651136241823657,-1.4485914146335441,-0.9254246260595873,-123.67330651862838
-0.4532484090230134,1.4524675344707454,0.0005279588565972928,-2.296180953137238,-0.5505368494915835,-1.4438548161335418,0.30047435961082836,-0.14778031881747153,0.6222071440434019,-1.2207124259141586,-0.5081401976473109,0.32674476460232005,0.6012067489291149,-118.6640610177619
-0.827230943552323,0.5193465142411723,1.475356216949552,-0.01901620790268883,-1.0025293646378088,-0.1599385299634271,-0.1087601484568576,0.3227185603380895,0.40171172209894146,-0.01851313599238993,-0.2886586389201383,1.5327389130025777,0.8576596232020194,102.21069615864891
-0.3084827884558197,2.4267164863455224,-0.2950899142379063,-1.2457173764463845,0.054934110999848726,0.9184544439424138,-1.3776175007542373,-0.21701705042437042,-0.5647740041709423,-0.7095798547491726,-1.2585049106753345,0.43295982536069616,0.975816719344709,125.07374456682801
0.3384964074944141,-0.4152879139008013,0.32692737376416264,-2.211135309007885,0.23561455810856594,0.8294055811834892,2.270692857804396,1.143754043206929,0.18186625505849516,0.7708651938869668,-1.4785862457798415,0.6327818661062848,-0.21910052880886424,-54.10739500182086
1.1173988159024608,1.4484992298929262,-0.5358014630522978,1.2358116200069387,-0.15589817793666752,-1.1165244399486591,-1.3260476860820383,0.501782736167545,-0.413465161123276,-0.5482872964906009,0.1600182258527877,-0.35976864578908574,-1.7073579575929467,-120.91082673445345
-0.3917581490438219,-0.9224101844985025,1.2969945465611092,-0.5047749212282174,0.840620026504553,-0.9993022322949108,-0.3223204692113399,-0.36682441181468756,1.2171585208254965,0.5467335682013793,-0.23893209916969432,1.6153756894694418,-0.022868062298882122,-49.19230213695732
-0.9175028210142636,1.0176614668435024,1.340461051790348,0.8113965544915921,-1.1482632887526183,0.8297324178791745,0.5514762752395233,-1.1225448062444139,0.3405892164004968,0.8187776437548606,1.5379319184125528,0.271495310825648,-1.2995812369275976,67.2994179361321
0.8816397569494505,-0.007972641316617372,-0.9555404406004258,-0.7563507452843033,-1.4222537095976742,0.2034636358672231,0.0773683076476183,1.6871416350725648,-0.8612842013282637,-0.6465728842425266,-1.081548003614395,1.4799441388900259,-1.6064463202575725,-264.98272044567847
-2.703232292999237,0.6778753195309076,0.07005216311318138,0.23836898273478513,0.9751976297824297,-0.9273531341905741,-1.830632896856457,1.0010460925671412,0.5112025995249807,0.5010941699398452,0.1895816165987434,-0.6540756831274238,1.1618783026081905,59.24377065310203
1.1398785611290454,1.3171150673398653,0.32579631658216646,0.33848384346169114,-0.29540141013902943,-0.35316629281068834,-2.1218548990085946,-1.0065425652796411,-0.6078219870944325,0.1684609762696143,1.3175975356079597,-0.11806852699107874,0.19438430157733602,169.47663300548953
-0.5805234498047227,0.5885784044206096,0.7533416211045325,0.6731813512699584,-0.13845598398377382,1.2897527540827456,0.3946715298229811,-0.8505204542093001,-1.1958830620351844,-1.2242982362893657,-0.20902325728602528,1.6699045043514062,0.38115838488277776,110.66520834867936
0.16476084123651674,0.05088770185601806,0.6728612359668199,-0.573601772896901,0.1018562952619867,-0.3540407109410238,0.24395319790850026,-1.46752526575244,-0.22320225463480511,1.5490201514951873,-1.2391070756539009,0.1733416643704082,0.591814133741378,58.711515551524066
0.35701548596504734,-0.6929095952606542,-0.15178509503558332,-0.6226995198205938,-0.20812225035727522,0.28099186773503265,0.30729952087660933,0.8496020970210246,0.8128621188389601,-0.4930009346588328,-0.5893647569442115,0.8995998754332507,0.5883172064845765,-9.155881837905714
-1.6065771007386793,1.7495839042054206,-1.0196643386921156,0.22530792204094158,-0.3695269288333586,-0.17435425790283585,-1.2922626951056186,-0.43676423723821745,0.6897078052451944,-0.1314725956716678,0.8260471714415063,1.3814540786904865,-0.02355215087423812,-12.182368700321746
-0.5518581458924467,2.5581992856682523,1.7269638512334051,0.9325908318730899,-1.4183657329330317,0.22468472575188592,0.18455130319703697,1.262584103427182,1.5421099525678756,-1.7608088119807759,-1.5256563145700948,-0.5642475986573886,-0.39963618561460235,34.78688505663874
-0.22577630048653566,0.06752820468792384,-1.913280244657798,-1.0128311203344238,0.3142473325952739,-0.5622875292409727,-0.5443827245251827,1.465648768921554,0.11092258970986608,-0.9080240755212109,-1.4123037013352915,-1.4247481862134568,-1.7249178325130328,-391.5670163959388
1.4765403497258958,1.3800913541474515,1.6839276914578687,-0.03850846950070721,-0.17262729994081963,1.0786808334312956,0.39580353343740904,-1.5763921569842494,0.4940301862827388,0.8836599374866724,0.6523228784134196,-0.6255627015095294,-0.45888426286894,245.5842468628129
1.5739867632900328,-1.2257656630023412,0.1200313267182613,-0.2573765374233451,-1.6685840738775894,-1.0227925651984056,0.22445181855997204,-0.483186462299374,1.0470983026121545,0.39922312260527926,0.647195939702741,-1.4643748802098202,0.6135179727304166,0.2577674149325393
-0.7084067669104628,-1.5137143926128271,0.21319662823768915,-0.796025856803489,1.0760071385985983,-0.31905393566661816,-1.5841359430054898,-0.060660813814620775,0.2671266510114834,0.02131164867194222,1.9011906857530074,-1.803139676255945,-0.7519693317388191,-110.75924743373014
0.8876554258738361,-0.3206676255571917,-0.9980606273144129,1.9956674897839644,3.109918556005361,0.2502002062516945,0.23007075919140207,0.5345056484805503,0.49774308909139425,0.6067230591361827,-0.18319661872038787,1.7952113559123222,-0.3839712719523516,101.01551500163683
1.3404504460231446,-1.8751724696457446,-0.08310557262869477,0.08243975293450329,-1.4575514994649306,0.7600559636896026,-0.1601327955666404,0.31917451041918043,0.6713400764504657,-0.30920907704986345,-0.7521564055905832,0.11502607914741717,-1.5047203740310022,-214.77224393952162
0.27899416222380197,-0.8353470532597573,1.7495767431869393,-0.7184072655691974,0.8949243769444413,-0.6929051977959073,-1.1875984190295128,-0.6734906242438685,0.3098207102270275,-0.2949496782920278,1.2477420726737338,2.1451491277733883,-1.243863235391285,-87.26125815670088
-1.085150526557798,-0.8254105299789551,-0.2789629303318085,0.34005129456889044,0.570612997219531,0.7903718960517113,1.2446795807367868,-0.6122367345077503,-1.3510743662080213,0.9681846605328611,-0.33130838318332273,2.9490944253087252,-0.2797601684958344,-33.35746809046189
0.755391225825756,0.5009171876243808,-0.863990769679816,0.2704568257798388,-0.05023810944913695,-0.8309501164110378,0.09933230542922587,-0.5767713305683327,0.751387123371789,-0.23894804686640975,-0.9075636620415979,-0.977555244798551,0.04852162794482699,-66.46467325861148
0.25602973431387566,0.9826909839455139,-0.5397596803093615,-0.978372777615032,0.40825275571447184,0.19584525509768155,1.0143700650181304,0.472597482413043,-1.8408742313316453,-1.7025836042378404,1.0291556373256436,1.6654744444625766,-0.7783047254023127,-75.5045608512373
2.0997217891665154,-0.24702570074599667,-1.2504077339697175,-0.45209033283308037,-0.4700421477595015,0.8823330623234091,-0.6475418056351592,-0.06613261462582246,0.7441919714999368,0.2658782296520485,-0.4367197360405955,-0.3583401520212222,0.6045153263553668,89.26986544208643
0.9343199112392737,-1.366878698415421,0.1704162223754877,0.43693816974634986,1.1906462747863413,0.0030460201534144695,-1.1701130260593595,-2.553921134901955,-1.8019804375800197,0.9495541354413237,-1.4848979684499035,-0.22476540189268354,0.1605739810498646,-4.698432265380845
-0.23458713337514692,-1.4153707420504142,0.9686449905328892,-0.39210815313215763,-1.4635149481321186,-0.3276621465977682,-0.3427145165267695,0.00511345664246089,-0.8022772692216189,0.29612027706457605,0.26105527217988933,-0.42064532276535904,-0.7020530938773524,-145.38109224112935
1.053802052034903,-1.377669367957091,0.3853173797288368,0.058208718445999896,-1.142970297830623,0.1537251059455279,0.5150352672086598,1.083051243175277,0.5137859509122088,0.3577873603482833,0.5607845263682344,-0.9378250399151228,-0.883857436201133,-70.2653468495296
-1.251113576385303,0.924027019206901,0.44426331148603976,-1.0810633275998973,0.6159356069442637,1.159329803364248,-0.5227230205190395,0.326133022242118,1.0490092258368893,0.5931012579683838,-0.3095464393139903,-0.18490213644298903,-0.3609661658190799,35.07158452324555
0.8135172173696698,-1.2308643164339552,-1.5506634310661327,0.4735924306351816,-0.9194242342338032,-1.0623037137261049,1.307142754282428,-0.3220615162056756,-1.6074832345612275,1.5499344050175394,-0.7832532923362371,0.22745993460412942,0.06856297480602733,-128.9359991057599
0.9633761292443218,0.4127809269364983,1.8657745111447566,0.6565536086338297,-0.9746816702273214,-1.1913034972026486,1.8967929826539474,-0.8206823183517105,-0.2453881160028705,0.787084603742452,1.158595579007404,0.82206015999449,0.4738329209117875,181.03520725125796
-0.047711356141979855,-0.0036025390905684044,-1.889540730945531,-1.5839028234857233,0.7604146561442974,-2.4238793266289567,1.5033983017671506,-0.966976143129213,0.8773622905756714,0.7858001586508322,0.42545756178496474,-1.1583646891925428,-0.4523063192490767,-261.83149458774295
0.4183982208886837,1.4015985929464294,-0.5975101946916416,0.9788580507817954,0.08531814256502405,1.7388996637975789,-1.503080301759818,0.5225141052657575,1.0519476177229186,-0.8082657216409264,-0.8304444065565653,0.6504500925361392,1.4223698616985077,271.31849028317015
0.213979910734222,-0.11232804969082982,-0.7928728322623442,-0.553649305347182,-1.1978778925888485,-1.035242322419374,0.6141667000434252,-0.6997255079925856,0.7575077100473051,1.9647251329163893,0.03526355197172861,-0.22096959953322298,-0.10703035995455783,-78.99895861956358
2.439752406339273,1.3842728185105182,2.2524358053443088,-2.499405714873573,2.2909425725907417,-0.32483138350862245,0.594754341665286,1.0225704320096403,0.8534155587803077,-1.389572466763596,-1.6453987469568918,0.5639091200523596,0.9817654869915943,198.98428998580155
-0.5228600271532683,-0.42018681709585726,1.0654803750653512,2.2988981236192503,-0.36283856043965906,1.40934744018558,-1.344450511034277,1.5795721457307124,-0.9186519464841982,-0.4455025214007718,1.453384477117701,-0.2817846088605072,-0.5172884501003722,149.79002333133104
-0.44004448669698376,0.13074057728609134,-0.926930471578083,-1.0243876413342898,-0.2525681513931603,-3.2412673400690726,-1.4358621511794394,-1.4301413779606327,1.1631637521549596,-1.2477831819648495,1.6324113039316352,1.4412732890661155,-0.05952535606180008,-268.7255158966443
0.513907849658915,0.17958178193959795,0.5866938014752747,-1.3459796802467485,0.12637957954641182,0.8712972974572442,0.4891871301476635,-0.6777449705248515,0.6347214685617699,1.9389289990582848,-1.0003313246055747,0.3506300992735592,-0.47490365662252443,39.709985402893196
1.1267051368275833,-1.0909664302151982,0.2603218387712207,0.793488720552213,-1.7485319732381808,0.8108082731597821,-1.1057046684859357,1.0325462043416573,-0.21492103028873533,1.3043402428781525,-1.6624919880356743,-0.4108142879545848,-0.1343087414705478,12.091574103562081
0.9648516330974576,1.6155828235482317,-0.30803428418574125,1.395683810789956,-0.5621680265783021,1.3103087461196083,-0.5924642591528942,-0.8058700664961888,-0.02640575695892703,-0.20922187374452778,-1.6834381922209503,-1.234348871879922,0.7796605322693398,205.17334023701775
0.39241596717876703,-0.5089636257074988,0.20965941527462578,-0.9735461997044687,0.47635776935621926,0.8071225966373103,-1.7690759048891183,2.7596600389110777,-0.6947131310890582,0.5054701591666269,1.0602099074988798,-0.025574312191994436,-0.49163618563204736,51.455935999950114
-1.067802921579193,0.9503075919735757,1.8381836767951225,-0.01941960588773261,-0.30317978283427544,-0.3493167961181975,-0.1044492185374715,-1.053682419146354,-0.16882172319001063,0.7999419019420501,-1.616310608436588,1.7106133725819253,-0.22346598237185214,-4.189253017117011
-0.18714426500454878,0.985729995679863,2.062524919243145,1.4122205554154292,-0.07964139124571515,0.02421945667275807,2.589563642018614,0.4283070972076486,0.5796331732135757,0.4523717962497339,-1.0623935281468797,1.1873860515647512,-1.0675329142542729,45.97535936736898
0.06023020994102644,2.463242112485286,-0.16128571166600914,0.17457781283183896,0.25755039072276437,1.8861859012105302,0.30154734233361247,-0.026513875449216878,-0.03471176970524331,-0.07444591576616721,-1.9187712152990415,-0.19236096478112252,0.4040508568145384,192.3315385501523
-0.06717829004935526,-0.7157599891107518,-0.5029747705513431,-0.234407800316322,-0.7837656655863965,0.2942241290134937,1.4872461553359273,-0.8318222082304447,-0.580053241370043,-0.6905410523162594,-0.9161919154812425,0.6820520657126199,0.26348721533105957,-103.62197536261095
-0.44643361455052827,0.19408999289830758,-0.30777823495300083,1.5774532797634744,-0.0952955323869521,0.24938368371075526,-1.0265152994110602,0.1866091231563581,0.132969674146876,0.27902152577033923,0.6078965097165392,1.073631749859772,0.21915032766393897,97.23832054331177
2.5600845382687947,-0.09605989972464987,-0.949398888831943,0.1848361236948739,-0.8583577801812136,0.4933179008808892,-0.7031764251258874,0.12200981464536144,-0.0349884904969617,0.7003098794089914,-0.5756378262377739,1.1492733262856758,2.632382064837391,330.060791917288
1.4511436077950417,0.9592708260852069,0.6901439917111125,0.01259240078179486,0.09767609854883172,0.22409248181041677,-0.7673475628880495,0.49799829124544975,0.8723206367206782,-0.7730097838554665,0.024510174258942714,2.1531824575115563,-0.40122047188583626,80.39231357046222
-1.008086310917404,-1.8707919210258557,-0.42098448082026296,0.8711247034316923,-0.32602353216784113,2.075400798645439,0.0184183791895517,-2.038124535177854,1.6764373122752827,1.2012139221639448,-0.4080753730215514,-0.35151348404130867,0.2897748568964129,36.26812857378869
0.7081086766885905,0.9567023167945841,1.2130976999791834,0.39331783939437187,0.1920491164900316,2.319329539981694,-1.331232953557778,-0.1524698363805439,-1.8362053731032966,-0.3091164642025014,0.1335409047822823,-0.7859894605079495,0.14171691363990474,276.9152241634087
0.6934789119139937,-0.3920126399191296,0.6988284202025348,-0.5260348426675804,-2.1533429198712444,0.49201884799279927,0.6170059495766975,-0.8627757640431206,0.6835693232004776,1.0971527117536957,-0.47883745600840416,1.0599363840466218,0.4209729443893898,57.607128476820016
-1.3985675738191412,0.5629692366905709,1.5231240772696573,-0.1903386780836082,-0.8756182533847572,-1.0372461543264564,-0.48712538376469605,1.9094166404701305,-0.5923939242388692,-1.382799730964336,0.9261775475316414,-0.6506425691218269,0.5389100436846587,9.989121945956096
-0.6897277740641738,-0.493122822399772,-0.7666565877833479,-0.3871306497895146,-0.04541121793223822,0.8595878869798019,-1.2565068942792563,-0.01383774609423725,0.8132051867479773,0.02538842054241018,-1.9196731561976563,1.4436320034688142,-0.5495571359085801,-172.5125672198484
1.617212574968624,0.10435593752321293,0.014273067836434106,0.6863184569567008,0.10589445311523424,-0.4070363129267805,-1.3303136257389898,-1.5642416117110514,-0.1891203907770335,0.5844129804724842,1.9764405845154855,-0.8987840483231282,-0.9539394193966448,55.088600049654715
1.702214944635238,0.24075317948856828,-1.2968319479558466,-0.5286166817497568,0.5863640187550933,-0.651356893791829,0.5655096456315442,0.3088330125989638,-1.7607627591558177,1.2382830714336357,0.02127157673606165,2.601683114180395,0.3996879517526416,63.561839457711244
1.085895565831578,0.4746982328799528,-0.6680904536430488,-0.7557451594928447,0.5365098435704035,-0.17495975669540864,0.8177662992002871,-0.009118996644203544,1.3902075490173134,-0.8984679817910373,0.028181157369128247,-0.025026958745143917,0.9920423495365228,79.38432703069873
-1.4066610968482223,-0.9232332461109043,-1.2795769667357015,0.517659020469123,-0.7257438131534656,0.026091050210833786,-0.9758732529773327,-0.6115178029919482,1.0536417966078395,0.18676676447707832,-0.7553829323533225,-1.3516846056163336,-0.6248185776956788,-236.30500607617574
-1.6019658118971685,-0.24606248812994858,1.3736585451629577,1.6122782579886454,1.3149144535840473,0.9528745472029388,2.1709427174978138,0.0754336389015928,-0.1758858124323366,1.639964529371393,0.7421274910718922,-0.8432465953161917,-0.13744851462769186,194.85401179761809
1.114321694668872,0.7153813154412441,-0.19102776260016902,-0.01926037973439464,-0.2628908292082677,0.7846042878980238,0.4384757388097273,-1.1808128153088449,0.019616657693989903,0.02246589281204638,0.54711911517521,0.7181857257079345,2.412615421612916,357.2090604332474
0.9531250453760867,0.513085420097293,1.1241127199860135,0.4070522871245351,-0.971656734541286,-0.7728776678236091,0.5161782871149584,0.8623934723827588,-0.6414815952229522,-1.3796181647889305,-0.6267172245899651,0.7250957868479971,0.9475264621228578,84.95461717918938
0.22388402427913137,-0.7904744554453119,-0.05558467091045507,2.4457519796168263,0.1292211819752275,-1.1254890472983765,1.8820244964750337,0.4810092317367132,1.3454200461549777,0.10939479460489289,0.725766623898692,0.4714683571359957,0.2799686263198203,49.733859621613774
-0.07016571145864703,-1.6609609335159914,0.17770100093325383,0.6105857452838231,0.5597904479310398,0.3801978510059632,0.20768768716311115,0.4591800792284367,0.27157883719537346,1.0807807255546218,0.8339221545489041,0.42961821913258585,-1.3353443587101013,-79.86489345993955
1.6246784584695606,0.3230792731160291,-0.7280029412291344,-0.6459641791245353,-0.7991920066502536,1.3748764191481848,-0.2918112689155441,0.12267031599479553,-1.563190808696657,-0.4827435221820324,-0.9533286082587124,-0.2523535021262876,-0.18289644110484016,12.181287316315121
0.3904648499288896,-0.10322175293249623,-1.345870923473215,0.8743891807127275,0.26256132900192497,-0.47622087354465903,-0.5827586576115821,-0.13737178839939665,-2.438817158276429,0.19358991136754436,0.8508979621679722,0.26536234939962844,-0.8192578597214978,-85.61774800919248
-1.3340254949182044,-0.6013676439512137,-1.570500603623177,-0.9824873935383096,-0.2246331499970246,0.9407711879882159,-1.5929937335316693,0.1053755061459599,0.440474737960399,0.5500520990245519,-0.9683444548636353,0.31978193414253697,-0.9896281365703375,-243.95379818287205
-0.6117690909052854,-0.03703679704841202,0.12320480678448567,1.695051040430753,-0.622649361734452,0.043602446372453724,-0.692420979873856,-1.3200225112207058,-1.4063174636718339,0.1946074552372427,-0.7424705856980482,-0.42930222451725997,0.5514853760404675,49.26750949426939
-0.15800789857898942,-0.42688106994742003,1.593186626639397,-0.12578692009964815,0.055724912288694604,-0.9896048202585809,-1.6548566718657693,1.5295503194606137,0.8231705839619146,1.0941915184709485,-1.6924646297148194,-1.0121043752601675,-0.5112156764311852,-79.8985208713883
-0.5160447282173739,0.09612077694098337,-1.2767485758203094,-0.03955515385665504,0.6815006973726244,1.0531528533329035,-0.4344962274323156,0.9382838059759977,-0.30917212346863937,0.028318376130461172,0.02975613949574519,-0.4622752887050425,-1.0810565404082624,-96.59778712743463
1.1876793884615637,-0.4646172972983931,1.5213160519224513,0.40373009033660945,-0.024195606390916165,-0.4316203127180484,0.28328787154614216,-1.1790397911598025,-0.25890497370407733,-0.9037018607301281,0.324359281721603,0.2011596558728393,0.9983108981479604,148.42768502173794
0.15519068385897913,0.8250982646676347,-0.409282438113104,-0.8224199323822006,1.1210306673244714,0.152354872033722,-0.6581164890752567,-0.32789471651291785,-0.30372602877666466,0.00020706491819709385,-0.009300321138614417,-0.8671302157109003,-0.5240883979345925,-21.7753558733301
-0.9885911071509175,-1.103589317215771,0.7589285897867651,-0.06259312789952241,-0.7539645888666763,0.10420110395187607,1.3920022863445993,-0.09833962679474989,0.918316606002313,-0.28067507686677406,-1.6929568141953855,0.17989415115347845,0.2811914239693758,-113.19393356660291
-1.0147567306928669,-0.6492775450660071,1.6391168054440675,0.5689830791852754,1.628396623128538,-0.5535882417079946,0.03408346825922607,-0.5816809139486437,-0.7699732310586418,-0.3791277409874871,-0.20358036010236177,-1.2239402667622565,1.6777008140764407,169.00114881097934
1.301741289398798,1.5615111967268527,-0.6056155397368641,-0.48791140814570266,2.1573082132655035,0.6779258713392691,-0.7534178703461835,0.2992925804064919,0.4599721429391164,-0.6057149230033384,0.742095372009307,0.032004149065766624,1.8260097135469362,354.6206025422711
1.1486373494287152,-1.015821818978397,-1.356581804623405,-1.6151318159055095,1.1647393544571714,-0.03564148229748357,0.42881650033057295,0.20056919723094285,0.6931056072631441,-0.7345915767980492,-0.810252437014381,0.06167984984797165,0.46642998243352635,-99.78278511521205
0.12810441491078928,-0.6810516574748808,0.19652116970147013,1.4401172154494728,-0.6763923020592697,-0.08973569428722672,-0.6526239793023909,-1.4307751021180481,-0.4461834332147797,1.8009404329108156,-0.04015795064434341,0.8406435489887241,0.7090037575885123,130.48207555034423
-0.0033744574109520514,-0.17018462252492844,2.006092888159123,1.0240625258114624,0.5925269492011831,1.2083662305931424,0.6963874474567153,-0.8181988834223072,0.9553052085705107,0.7783610761666377,-0.5511857163285334,-0.4532280493272752,2.061503576636398,399.11626278536045
