feature_1,feature_2,feature_3,feature_4,target
37.454011884736246,1678.777388097248,0.7319939418114051,6.986584841970366,1229.4254365360975
15.601864044243651,380.5007504696002,0.05808361216819946,9.661761457749352,27.052801399271477
60.11150117432088,1282.3910226220626,0.020584494295802447,10.699098521619943,65.652188881223
83.24426408004217,472.5468610354561,0.18182496720710062,2.834045098534338,119.63221167329387
30.42422429595377,982.9206004243048,0.43194501864211576,3.9122914019804194,425.65609127914763
61.18528947223795,353.54480782316483,0.29214464853521815,4.663618432936917,120.04815013890729
45.606998421703594,1408.3492828291407,0.19967378215835974,6.142344384136116,284.88460479756833
59.24145688620425,201.54640932941828,0.6075448519014384,2.705241236872915,136.02474828060315
6.505159298527952,1675.789859268583,0.9656320330745594,9.08397348116461,1618.2093784582325
30.46137691733707,285.2236239715727,0.6842330265121569,5.4015249373960135,197.52175247899243
12.203823484477883,934.5986605206788,0.034388521115218396,10.093204020787821,34.378361705297436
25.87799816000169,1207.9787796539106,0.31171107608941095,6.200680211778108,377.4284262577906
54.67102793432797,427.6471538640069,0.9695846277645586,8.751328233611146,418.2285471162329
93.9498941564189,1587.4788819176465,0.5978999788110851,10.218742350231167,953.7919074614298
8.84925020519195,445.8268329624443,0.045227288910538066,4.253303307632644,22.01945200743607
38.8677289689482,568.9471310289706,0.8287375091519293,4.567533266935893,473.1067210841398
28.093450968738075,1012.2273206941843,0.14092422497476265,9.021969807540398,145.38733576022247
7.455064367977082,1737.8700161165107,0.7722447692966574,2.987156815341724,1342.081543082539
0.5522117123602399,1457.8244752617554,0.7068573438476171,8.290071680409874,1030.4740015955435
77.12703466859458,246.6251357848169,0.3584657285442726,2.158690595251297,117.32000987739988
86.31034258755935,1143.901090587214,0.3308980248526492,1.6355835028602363,388.2298053146236
31.09823217156622,656.892344629151,0.7296061783380641,7.3755747135521315,480.28037203820185
88.72127425763266,897.0873148417933,0.1195942459383017,8.13244787222995,139.2186197709498
76.07850486168974,1042.5819528097256,0.770967179954561,5.937955963643907,807.3886556324779
52.27328293819941,824.1067617830213,0.02541912674409519,2.0789142699330445,56.314238600239534
3.142918568673425,1165.3216879446545,0.3143559810763267,6.085706911647028,366.3391836791312
90.7566473926093,532.9145167029786,0.41038292303562973,8.555511385430487,236.78245963148726
22.879816549162246,251.4202561235049,0.289751452913768,2.612212872540044,76.356381439531
92.96976523425731,1445.8319309245908,0.6334037565104235,9.714605901877178,920.5022640675126
80.36720768991145,430.449811859208,0.8925589984899778,6.393422419156507,392.5170985937318
80.74401551640625,1589.5437054319864,0.3180034749718639,2.1005192452767676,511.8884157977787
22.793516254194166,823.3990254839908,0.8180147659224931,9.607305832563434,673.9379991118022
0.6952130531190703,960.0348924252032,0.417411003148779,3.2210781047073027,400.72940717836366
11.98653673336828,677.2013640990818,0.9429097039125192,4.232029320207552,638.6518833399363
51.87906217433661,1274.1352883752982,0.363629602379294,10.717820827209607,466.20874174018513
96.24472949421113,536.9823597954385,0.49724850589238545,4.008783098167696,283.82935559931883
28.484049437746762,185.92326281121564,0.6095643339798968,6.026790232288615,116.8559970574527
5.147875124998935,580.8684223407366,0.9082658859666537,3.395618906669724,527.6075797982234
14.48948720912231,925.2475280465555,0.9856504541106007,3.4205527151150044,912.0854282521688
67.21355474058785,1369.866972083815,0.23763754399239967,8.282163486118595,332.39821335038425
36.77831327192532,1158.616329295278,0.6335297107608947,6.357746840747585,734.938552226754
9.02897700544083,1490.2374016511444,0.32078006497173583,2.8651851039985425,478.12347640579054
4.077514155476392,1090.963069420272,0.6775643618422824,1.1658782892785615,739.2081557038904
51.2093058299281,495.67358712769465,0.6451727904094499,2.7436642900499146,323.8685473160826
69.09377381024659,757.4454660106536,0.9367299887367345,2.3752094414599325,712.8775933213607
34.10663510502585,311.0372481109197,0.9246936182785628,9.77339353380981,289.629034161607
25.79416277151556,1203.832242007463,0.8172222002012158,6.5520081159946235,984.1363965968217
52.965057835600646,520.7604239238864,0.09310276780589921,9.972157579533267,71.80529158854603
90.04180571633304,1159.916087459871,0.3390297910487007,4.4920957461266084,403.42270373752706
72.59556788702393,1591.2083072496555,0.8870864242651173,8.798755458576238,1413.4047810531906
64.20316461542878,263.11712401250054,0.16162871409461377,9.985541885270793,77.01028323184089
60.642905965958995,140.68826883620645,0.1014715428660321,7.635017691080558,62.30036533055662
0.5061583846218687,388.3642704886695,0.5487337893665861,7.918951976926932,213.10887373629342
65.19612595026005,492.036369957606,0.7121792213475359,3.3724908749680007,356.4308382629447
32.539969815926774,1345.1531015726791,0.6496328990472147,9.49223410494178,874.4612701403613
65.76128923003434,1054.0686554131003,0.09367476782809248,4.677158030594335,118.63398726786978
26.520236768172545,524.2520631632874,0.9730105547524456,4.930977246667604,510.79133263683946
89.20465551771133,1156.7095509750654,0.7948113035416484,6.026370931051921,923.6832405426247
57.69038846263591,930.2544898490432,0.1952429877980445,8.224521152615054,190.56761528797261
28.07723624408558,165.38695412670725,0.6454722959071678,2.7711067940704894,110.3811743748156
94.04585843529144,1684.0283111151525,0.9148643902204485,4.701587002554444,1543.5251443598722
1.5456616528867428,1642.1910698802417,0.42818414831731433,10.666548190436696,703.1618263492335
96.36199770892529,1519.1639902878135,0.2944488920695857,4.850977286019253,457.5775941478155
85.11366715168569,643.3964245867442,0.1694927466860925,6.568012624583502,138.33441820569553
93.6154774160781,1262.717596018712,0.570061170089365,1.9717649377076854,725.8878279536738
61.500722669916975,1743.0435752594303,0.14008401523652403,6.183296523637368,251.79857865702562
87.73730719279554,1335.8041948677583,0.697015740995268,8.024840839871093,935.2011573140715
35.94911512197552,605.2836163131014,0.8093611554785136,9.101133946791808,491.2100961983155
86.70723185801037,1617.5592077968724,0.5113423988609378,6.015162946871996,831.6588217255729
79.82951789667752,1187.463099359073,0.7019668772577033,8.95792669436101,837.3735575526225
89.00053418175663,677.8221190347234,0.375582952639944,1.93981939840869,269.6866446698914
57.8280140996174,184.3800174664338,0.46559801813246016,6.426446347075766,103.50669879696956
28.65412521282844,1090.865570211648,0.03050024993904943,1.3734818874921442,43.90920943061712
82.26005606596583,714.0812880772896,0.12706051265188478,6.222432600548044,122.46994465658994
76.99935530986109,478.23501847021896,0.6228904758190003,1.85347464993768,307.6776103232637
5.16817211686077,993.6996057760023,0.5406351216101065,7.374299014982066,537.2536292302426
72.60913337226616,1719.843162535099,0.5163003483011953,4.229564729412459,890.9192062246422
79.51861947687037,568.1029038220527,0.4389714207056361,1.7845638134226596,261.7509723290202
2.535074341545751,1698.2732836654473,0.8359801205122058,7.95974206093698,1419.724893693153
40.89529444142699,408.7621908221636,0.15643704267108605,3.502428981645953,75.9036818816294
54.92266647061205,1293.0477426842542,0.6601973767177313,3.7993389694594284,855.4314897910077
95.48652806631941,1331.1129030945444,0.5543540525114007,7.117207462343522,744.0601387369354
41.96000624277899,530.3640316189422,0.3559726786512616,8.57846110464369,193.40152740366722
1.4393488629755868,315.2832425872262,0.04600264202175275,1.4072880231897014,14.572864152446432
85.54605840110072,1275.1790142114728,0.4741738290873252,1.9783416065100148,610.6776162693409
49.16158751168324,899.140533262107,0.17320186991001518,5.33851649237973,163.30801739434065
39.85047343973734,1131.733780895358,0.6350936508676438,1.4530400977204452,719.8602107576802
37.46126146264712,1148.0861011033612,0.5031362585800877,9.564898411883222,578.8570959641746
65.8693631618945,391.83797769424996,0.07056874740042984,7.424192782063156,71.43780714512575
2.6511310541621813,1082.6032027897134,0.9402302414249576,6.75474177875879,1017.8995864344549
38.816992620652194,1176.5574675672603,0.45825289049151663,6.45616789315935,540.5562415537964
94.14648087765252,756.4118555757993,0.9611905638239142,10.053506419560637,733.1259820428526
19.579113478929642,238.97428184547428,0.10077800137742665,1.1822182565154973,31.035124923604858
9.44429607559284,1241.4428182363772,0.07118864846022899,4.189756302937613,88.87964110187104
84.48753109694546,163.68139616168355,0.8144684825889358,3.8185477477339993,157.82953624907785
11.816482762165625,1263.8731734429077,0.628942846779884,9.77472013527053,794.9917336402596
73.50710438038858,1438.2527960057885,0.2820345725713065,2.774395437797228,412.24322559565087
75.06147516408583,1443.7316727059895,0.9905051420006733,5.126176769114265,1431.9921316993305
37.201808579278314,1394.0337980254496,0.34080354025301784,10.307573256035647,476.54589260069656
85.84127518430118,826.480438257925,0.7508710677914974,8.545428740846823,626.4889420138597
10.31238688359326,1600.099568315925,0.5052523724478571,9.264574661077416,808.5198037034652
32.00496010306117,1588.6156879401838,0.3892016787341631,1.1083765148029836,619.1191158791714
90.53819764192636,274.79219378780215,0.31931363759041487,10.50061967050805,126.08041485232589
95.06071469375561,1062.4479995850356,0.6318372121697993,5.4844552197831975,677.9912890545012
29.321077169806454,662.5793691829615,0.6725184560770384,8.5237452943768,446.5603256125031
79.15790437258485,1415.6061555467768,0.09120610304869037,5.944203047025814,151.44580303043264
5.755876001664428,1023.3895739582936,0.441530501373377,9.877041827582998,451.8942711707571
35.09150125520787,316.90768311264566,0.14299168205283586,8.615106317174723,57.31356063053576
61.82180633162611,290.86055948131457,0.08410680611499743,8.0096913145912,66.48586587773242
7.276300636419353,1468.2774589072283,0.7062422271564962,1.8134878064189976,1036.9846955438938
8.483771408519193,1737.4659249549075,0.3742707957561203,4.706421470668909,650.3379705292423
81.27995672575025,1673.1156754964986,0.9860010638228709,8.533781852589417,1651.6948727341294
37.62595855309158,262.0728299816023,0.7771469159274368,6.58404249735805,207.114884901855
42.42220092469763,1606.3097705801003,0.11119748230615134,5.926251042908591,183.5860927544832
1.1353644767419069,891.2809376996117,0.05630327568183735,2.1881791626807194,50.194365851283756
11.752624677710488,1186.231950340162,0.7460448792654233,6.833687650971596,885.0601832094945
96.21725484745419,738.0628486564725,0.28571208628186073,9.685991281894603,231.78723895196816
22.359583851945263,1699.211190056531,0.012154474689816341,10.69878826707639,30.438395626919885
4.315991195057611,1581.4602089749085,0.5277011090862999,10.929647961193004,834.5494088540038
7.379656473539886,1030.4556726814908,0.969302535619099,6.230978441701488,998.8504020041856
62.93986381352625,1262.2583705741692,0.45454106476777323,7.275580800840634,577.1900654805416
58.43143119231002,1597.8208265942758,0.04544638034145787,3.809631895922303,93.20499794956213
95.04114840765587,1580.0237110225437,0.45565675278571294,7.201325978015367,726.1945316660878
27.738118298113267,432.98373389753124,0.46369840493998216,4.533522280260528,202.6803992046591
58.365611185087204,252.653199641298,0.9743948076661665,10.86210744479603,253.00772756822607
69.81617140197451,1001.4458373274847,0.30952761628632774,9.137950197069486,317.74017567763747
68.47311725538793,391.3193207810788,0.9109271844938425,9.22537242923169,362.9800695868834
94.9799913291924,1311.219545725819,0.6134151959357899,5.182430362906189,809.9103857533062
93.27284833540132,1540.490081596412,0.04521867010618941,1.26366974497252,116.41355935771023
37.64633668780496,1449.8064685936024,0.9872761293149445,2.504168911035282,1431.8540278303444
59.41307153521351,747.8977429895926,0.9699143978146032,9.421189231357086,727.8256719072288
83.83287047111378,891.3340596954179,0.4148195023376652,3.7340707193070624,379.127194951362
5.6375496650927115,1538.2985477551354,0.8129010091300776,10.997176732861305,1250.497090498686
99.66368370739053,1033.0325924074646,0.7689874151805105,10.44765729882428,800.616441317802
84.96473906774115,529.7385353878132,0.4505441353100935,2.29159415151495,253.34218830849724
95.40510272587224,1115.9276709029405,0.22864280550346272,7.7170068440585675,272.40227892201864
61.81282404578958,710.7684152996883,0.11355759219962902,7.715731955927996,101.66321035851436
52.03077009037933,1387.3447947122554,0.5201635011119934,9.5218150031854,723.519331095733
55.190683877448556,1042.0277836010594,0.876653602658345,5.034828662123971,915.1629267284765
13.401522845064074,172.68389726104382,0.755137255673619,7.203095513534647,131.08608885912122
70.40797680992236,473.56796168622986,0.13637147558676976,1.1454466566788193,95.53937168073492
35.058755880659696,1089.3698631910954,0.3922440450997323,5.374749220237291,428.7344989208036
90.41586944937484,694.5836508654908,0.5139894891598108,8.83653012741143,368.27995065500136
39.65427823212701,1141.9220699561292,0.8623637087467452,10.495206236576422,985.5501494242358
14.707348092903793,1639.3633617231649,0.4921162930795382,3.5824438829895833,806.8912981397805
45.913575623826134,1726.6725383172727,0.4926180939928696,4.287516102875082,851.8282714329615
63.34008543167258,517.9723562511718,0.07586332810866392,2.2887972191064923,74.53861785469049
12.804583895777244,373.81622686292917,0.13882717264941014,7.4087474480321465,53.45183930994716
18.188008439914483,690.3555210394187,0.8967884099060118,5.739616402628723,619.3696838343351
66.75577385210272,407.1703036895731,0.19228901880867078,1.4086861626647886,102.88862909069526
16.893506307216455,580.776734624815,0.17701048427674682,1.8870253375705561,104.18146269560485
12.06358711006008,878.4048862861104,0.2063337184057925,4.642698610480755,181.64533263424957
50.34172708548569,1253.5121534267587,0.039312139841098936,8.994103989090426,70.44590961286741
62.79003894909078,259.2275646938901,0.8735786241067772,10.208724005318132,234.99911377478884
6.107795985486375,577.9788345320786,0.8062012797930613,8.482596903836583,466.00710024401036
18.45210193563773,467.6626601824654,0.370472102791382,5.845229851910213,174.23542733726077
61.825477153029595,728.331423681956,0.4625347161331479,8.474709381337565,342.504671867437
3.66832028905979,538.0518120634239,0.7133495858845524,9.952068376871994,383.83638001873135
51.167744211566614,994.9392905600914,0.10717201133977605,5.474123668234546,118.27079127931073
53.261726645502314,521.7703536677553,0.26924323094938096,4.7728416310462265,150.24050770832483
2.007119777772637,651.8213071882224,0.21144800699654465,4.274973521779146,137.84057123138885
11.976213181925122,1580.4541669003413,0.5935924535540487,7.791023191444896,938.2220255231356
78.91712386073382,939.9329283488194,0.08692028808742369,6.371065418185478,113.58983721532626
58.68411180208791,1343.4346375561229,0.4316595462296794,2.2758030279556376,582.8677913534478
28.377590579872447,718.805177151113,0.6459172413316012,6.707783046689119,465.154868998714
35.60967258978462,1737.2628164400044,0.6057748193568872,3.372267917359945,1052.9921872604607
10.178247262040374,375.37870346528143,0.24595772838450813,2.6068137325955565,92.8856128908894
18.656702405130577,591.4032076657088,0.17337359529475482,9.967654246264251,104.21706900223815
8.023374566164222,982.5202928065964,0.4103968269896615,10.823786169086064,403.3029336495962
11.203890216805235,775.6118242624592,0.9694704332753689,9.655071258939802,752.0160628385719
81.707207094928,546.9810320714911,0.17088758739006582,7.68643219924431,124.14945945676811
92.93759891275857,1035.2072576752519,0.5716126894698998,3.7997909366028417,598.9912263667949
76.94929331919369,431.2236446550619,0.3236792364042437,5.254364386164168,159.38358670326826
50.7610378684455,521.6710760908112,0.11483682473920354,7.1062004244163255,78.52073151390614
28.863055324025577,1075.1908438751673,0.1543627152742023,5.811401018548175,168.4602543776422
53.258943255158584,210.3240962770675,0.3366042781939206,2.3441467693897424,88.59063235338644
6.337497047276774,1742.8906387231857,0.32235384497472297,9.09874445854635,561.8631785214221
25.464065476376383,1238.9857578244653,0.7602278598896866,6.956387406078443,942.2555158426709
47.15761885501584,798.4586291166288,0.3488682665429953,10.29529144247826,282.52027792554674
83.06194077877291,1702.1588617381037,0.12429722348554473,8.308674752036442,227.29419912182507
93.83404568210378,421.731150155459,0.0664962673667775,8.41120649290059,97.93494199700386
57.44731131799119,1500.898918478612,0.1397723766262895,8.952673118598902,217.50764736350263
20.162732004774455,393.01666621166,0.16426579793099294,9.14574720231382,67.63423440770029
66.51972206962002,980.1581239603664,0.3588304841235025,9.772005408131083,357.94574460560017
39.244510742263536,1459.6835621277055,0.4391349085702184,4.769444294249076,642.19809499941
46.26797856696064,618.0030941664522,0.7476093801762511,6.027203900924792,464.3355418081508
23.22126951468173,1595.2340789364814,0.3838912213732114,6.435528611139886,612.8363635555859
90.6472110964547,1145.4364872121982,0.11689804070836407,10.398321236134752,161.6969754744563
62.770805307141785,672.7749558429832,0.13927207266338726,8.94025189270296,112.7812082909998
62.00727559285135,997.1407788585681,0.8938925830509576,8.885972112245307,893.4908486710799
15.167487973275119,634.9016603807148,0.24848913981446574,8.439462925726769,158.49339859247843
3.353243473577938,1056.6515547647234,0.7624586857406905,9.767656367617494,805.6600371517102
34.20817487159075,1467.2927819771578,0.11063173695520723,9.464522917345182,165.89432930265488
12.748866233198243,774.6834195058942,0.7972953657795536,2.499174273487738,617.7825437716099
22.92513952326415,1305.5558548516003,0.7200365365460744,7.411476328852973,940.3273111450059
69.39484444671,1012.273650698689,0.25179905890695276,4.456959935039194,264.1670219202342
18.159771680142565,1609.7341431539219,0.5833917947661205,5.008514167636399,939.2811309578819
46.20058036441327,1673.1724640516834,0.1533514031160802,6.862298320167972,260.7095354460655
50.5888678884466,1124.5525758484755,0.01811018382084051,9.721239089441514,54.53437294024563
93.21182824836124,1048.8812002327004,0.6966508238768923,10.224993811772958,736.6251248463727
