feature_1,feature_2
-0.3627410948212365,0.6910199347885566
0.39030863875610317,-0.782041323355196
0.6565537606814487,0.06348930905637154
0.8334749232816387,0.46584255276598524
-0.7513030897429828,-0.2768204991006478
-0.8117115029672527,0.04053355881141456
-0.32410386109191897,0.8275305710838741
-0.04152591172778072,-1.0234865042235264
0.8855429388126579,0.15661515905419712
0.4710109240363955,0.7020682101826606
-0.6380378501749903,-0.2091091920510492
-0.705873255126898,0.6036534167896527
-0.6601132471394161,0.23636152350354123
-0.2217722786089018,1.0576763707049275
0.08677988644584683,0.9170635827157225
-0.698284633660748,0.07302456012442923
0.7470143201786152,-0.32998739424993195
-0.6639438111214957,0.5299046382759148
1.140228492082857,-0.08294720605825262
0.7803017282971666,0.5690484628843897
-0.9688850854968374,-0.1077151413590717
-0.09431411728264515,-1.149857522795563
-0.4121591561722639,-0.7610552321845486
-0.40396361420396226,-0.7462865972125572
-0.5274216978198651,-0.9015515352982281
-0.22883449512471354,0.9903071219827702
0.47041864504776976,-0.6050598684457164
0.9385560947003324,-0.1534742526470998
0.8208132325319206,0.10413825686797326
-0.44538781238915925,-0.23008023166645064
0.893338604746927,0.7362972017505929
0.6678513203940661,0.48692064108134836
0.29218328898521995,0.9194302759811179
0.4913769205570785,0.6774146895929618
-0.8080182738897561,0.4915194875214558
0.23549511150022873,-0.9949472574487166
0.9890962007757791,0.1278090662270192
-0.7144788253661911,-0.4611445667551852
-0.31084242077577406,1.1024170881398405
-1.129176035863094,0.26804942310750035
-0.8020427677443772,-0.8125390792550014
-1.0228620262195254,0.1453249143180313
0.6643927784781243,-0.5359724050507841
-0.9385112418229333,0.5772734018178318
-1.1959890164052693,-0.21369712749165903
-0.7219999148579551,0.6140800548168392
-0.7566624033645721,-0.34106611927319663
-0.7829459394257197,0.1013846954721507
-0.02229296865226158,-0.9070529109322899
-0.7951122814860601,-0.19286224902016763
0.3119298651786624,0.7734546958185258
0.7788454628797652,-0.12063581099710896
-0.727850360345213,-0.2315814752330497
-0.9313151487234029,0.0070972415639751684
0.8376244750619256,-0.11111637570779503
0.4350360152846635,-0.6164641082907855
-0.5161000681437088,-0.8429828928886927
-0.8192187721423847,-0.688969468081741
-0.05470394228391004,0.9310848253291881
0.5362013911942471,0.924156817188011
-0.8288256837521654,-0.14354997256034427
-0.7285197562793323,0.5501349844855621
0.789815999935453,0.1266328767366693
0.016702497796001636,0.9118112480692961
0.6118568317314781,0.6129675797595355
0.26822545909781786,0.9772188218924002
0.6058137657696975,0.8896233264216041
-0.26745466585092365,-0.6756157546600267
-0.7235858203003407,0.7998701507395892
0.02312836939459657,0.7371119144517795
0.003850449398271588,-0.8757645424739967
0.3566222849654745,-0.8890052766810063
-0.6620257884091872,-0.2859953995755595
-0.10561286313621332,0.8455687326455075
0.5675093319394976,-0.7713949474003704
0.374173127074101,-0.3705945330862793
-0.9882287484517597,-0.20865049180684514
-0.8683923517407092,-0.23233647387467865
-0.9731068265785073,0.3885068254374249
0.7569562642965433,-0.29814878013832496
0.7997268419692978,0.36668343444097207
0.7223740853259618,0.269426133997699
0.49595574701615164,0.8714759076870705
0.43306361091223017,-0.8866598621302447
-1.0542302971825204,-0.17158829526968325
0.1899043421274043,-0.9209404182818676
0.277619518490696,-0.964691602259986
-1.136675698561686,0.04091954221253055
0.7746968707118307,0.6335528977353571
0.9205107240944888,0.5050870737116466
-0.16777311771945602,0.7759651112319838
-0.2357199053631417,-0.8455809107262217
-1.0005137176929044,0.4750284975931651
-0.679257109237747,0.21510930200774137
0.009849226320406034,1.0974115961229558
0.6384085114186038,0.6995484213697272
0.2630852420320419,0.61431979604172
1.0953747417162754,-0.30634636606390625
0.17936617638946686,-0.6727152175044419
-0.8872416192048022,0.4259190287399045
-0.7194954593986358,0.04739927569151983
-0.8985588657923891,0.23545994277060897
0.2615587090360753,0.934940447898937
0.17945280411089812,0.6760952137262851
0.11771499047001774,-0.80425886697778
-0.7724364842112593,0.02787230349706657
0.6683189975110272,-0.4968660249422677
0.718105761012526,0.6789986100989213
0.24107478739218216,0.8007648824712907
-0.48580065745530054,-0.7392673946659941
0.6976662565997671,-0.8444594531824372
-0.1536129474608718,-0.746275365782356
-0.7896670788283662,-0.29049807949310885
-0.5393601620391171,-0.6873058108500557
-0.5110711164787756,-0.3897759682688915
0.15756917538380077,-0.8341460474896912
1.0029933273612357,-0.05144422807325713
0.8581590808451924,-0.246484504140052
-0.4120507938878978,0.7105810774779054
-0.4108261550222443,0.6593606605542544
-0.7124956390360426,0.7089139616149546
0.3105919815133432,0.7816578136175382
0.20547277887454482,0.7777100842662054
0.6256094864387475,0.30564990037904327
0.8470403106351375,-0.31119061509851476
-0.21185773148867443,-0.7044204655644072
-0.02241424574685037,1.0794212264444782
0.4718614893448907,-1.0324947234039399
-0.24783350946734495,0.8011571457446807
0.7178638130012072,-0.6668560592416845
0.8430731295053606,-0.5255573748486434
-0.13106761036806883,-0.9510133559825161
0.6579117050983094,0.5185684539398466
0.39289057544787154,-1.0142232514820546
0.41190250707847825,-0.7044865021038238
0.1973077305286025,-0.8057281409168993
0.6391091936637923,0.14717607026287816
0.3763842283983191,0.480682614380892
0.2998175179136969,0.7417039294449934
1.0479517583185582,0.20414135058989802
0.18966388972770398,-1.0565582676218286
0.8836782803063025,-0.23108135678948682
0.28589544961830615,0.6010562400604532
0.5464311687150069,-0.982128942756873
-0.7098660137688123,0.25101519620978074
0.0015174386237594845,-0.8944111008742728
0.5735756236412137,-0.7242868935032623
-1.0963496848712655,0.049823898910953665
0.5009507883411961,0.6916072838055435
-1.0254269549354031,-0.41932083511728985
0.1964453442361715,-0.7753091411754804
-0.3344771334053157,-1.0390162374844616
-0.8745167844448858,0.0318633501485657
0.7773233694430945,0.35414972962797464
0.6408375847417278,-0.5291524342483833
-0.5973366037474619,-0.6167401862533665
-0.5562588207023433,0.2017198561201734
-0.9575959135299532,0.5649404613721785
-0.37943035223179933,0.657021445142489
-0.7739722640497446,-0.5377015720769897
-0.8924231020619264,0.47953139708742
0.7465902818722225,0.3072361900014579
0.8401643961011659,0.4579043373633094
0.05871747298451603,0.9319226023428333
0.34932456421522695,0.8805180277067306
0.8615179931356072,-0.3833835666717683
0.3766788136944502,-0.4284540040671317
-0.23983231095913815,-0.7583164748430965
0.5590369235630609,0.6218736006957781
-0.6082269746394263,0.7910698952799747
-0.6162989453958209,-0.7223944769614804
-0.4012639955531745,0.6846976987358157
-0.3903780778510654,-0.7133974259921387
-0.20253872888936883,0.8890676606001149
-0.804945505731429,-0.8274870336893136
-0.6055926001049924,-0.6022497836384242
0.6804921873930997,-0.4736179177854815
0.34938186226087353,0.9129778458015408
1.044233340374559,-0.39232599855109995
0.9149213453875462,-0.40887056644820524
-0.4601968678896383,0.768845432491087
1.1106329104828443,0.07716381493013363
0.11034678784340096,-0.5354783144582866
0.13298815032749245,-0.8407534281742304
-0.4830270715609631,-0.8570860118698735
-0.068062014912055,-0.6334044568628704
-0.25919868743651797,-0.7494722670148248
0.45048758652652693,0.6752434460666956
-0.6025614187494661,-0.853054911240338
0.11713883482569129,1.1015188211363314
-1.0537318958774868,0.5894693917106872
0.7729796681322462,0.09476169376614091
-0.7415816682989816,-0.22560290003171174
-0.5242121561959492,0.43388637654437445
-0.5004367404542388,-0.6070909794166311
0.7376865665650602,0.44624052104932055
0.7648789630533871,-0.051104499798381484
0.23914613365010057,-0.7762677559940118
0.3372976973732743,0.9335211785884493
-0.7583470908908472,0.25584557717884837
0.8985153656960349,0.12673145939934696
0.4384533980857127,-0.7971304460653286
0.3249430709066149,0.98178438998844
-0.5586786941910663,0.6567926500885621
0.5919063003057439,0.3037027953552828
-0.47597763461470943,0.5371216722273406
0.6124609221226625,-0.38731433337545185
1.0050041764288224,-0.5262174299262801
-0.898105054405454,0.46276243203843004
0.9054020262464835,-0.49042950754046094
0.7431894469914843,-0.6956696230393131
0.5676145581712285,-0.29729288236882084
0.8385378299527759,0.2775752092414417
-0.9610881803757193,0.2914682306527501
-0.0388519186216575,-1.0308933488878576
-0.8776586760588695,0.7089923375247829
-0.28920444258228084,0.9678541102926841
0.6881555536525593,-0.5573831323144529
0.7965526326011988,0.2431635762632311
-0.07950407001028847,0.8805464525526028
0.2916347757851021,-0.7161442412535962
0.4183883351905152,-0.6828107787695814
-0.752843955116222,0.3726069689093878
1.047560871225331,0.15266185356222278
0.5119048850529766,0.8078091233445496
0.05686723109707423,-0.856701442883917
-0.019303814364627414,-1.2265956327660863
-0.9915711182732698,-0.18587588581678763
-0.4561623472795575,0.4657902630387119
-0.8345679098914656,0.38834809100932266
-0.1753324203040021,0.9831230617553186
-0.647878940963082,-0.6021427063541727
0.8242650997216875,-0.3102210314841881
-0.04185906476804542,-0.9703203246125602
-0.4723560451504283,0.7606297942497843
0.753010183627573,0.5369379834383744
-0.38744567469638536,0.9376887496838374
-0.7674199617867363,-0.6995440232855554
-0.06150043461676294,-0.732396499905199
-0.8086786893479059,-0.05143861230630017
0.5976161172210909,-0.8345720874328182
-0.28980320907916834,0.409527204696675
0.5087317426996361,0.2316441355791849
-0.3461037066381492,0.9939490826870453
-0.726516869773138,0.23761119055363025
0.9631598040575594,-0.1551352147245938
-0.00030038285204848914,0.6629636146836428
-0.8187071777103448,0.15937037036290677
-0.32210522843984435,-0.7862295776123187
0.9831925837551109,0.12833159701702002
-0.3794640047209006,-1.023888031289942
-0.5947245370986414,0.7834954034254755
0.8070428075938194,-0.7587464760546053
0.9640546773109796,0.01895404857384042
0.7810497313257256,-0.8085140570895939
-0.36405038593659456,-0.8965876008347118
-0.29865631085186417,0.7854946428005887
-1.043870932545555,-0.30164725904009115
-0.7022824022939265,0.7709845538081875
0.021932905467499625,0.9076417920575037
-0.6521168064976242,-0.7964584849721315
-0.4950784107556935,0.6798467745995264
-0.5022852922077135,-0.7139059929267338
0.6800173185354405,0.4635347858772393
-0.7581819911432333,-0.5211228344367873
0.5933832585720148,0.63152264496912
0.9903904827462122,-0.13172618129050706
0.7214080070157113,-0.6629620836792378
0.5554466701526725,-0.4043398652730997
-0.7461342005347622,-0.49245131921200064
-0.43686658518469407,0.8422724007550945
-0.5469147720194932,0.9187191450476178
0.5907147804997852,0.832511803927726
-0.15060820477978762,0.8494510217008496
0.7813841383925836,0.013717050125515995
0.05511533128836272,0.5628524058314317
0.5249293637810085,0.5914339799958718
-0.9004315523676408,0.7115228049767042
-0.5781808157377754,0.8249831477243144
-0.5967051741440674,-0.41376709334706674
-0.2832267373318908,-0.8992190137636843
0.845555455425204,0.7400578789270634
0.7403684468088527,0.34329299411553665
0.4894181224163327,-0.8273803387002302
-0.11740006993359538,0.7255409837922551
-0.3516364186963523,-0.680150902285657
0.9639055317388994,-0.017623611167947983
0.6871151482316638,-0.776630052715006
0.9968009994421649,0.028774057720458768
-0.691622026746664,-0.8843660615203466
-0.8263329180326526,-0.4284941631646599
-0.8253475017177063,0.44865639408241925
0.17228535443471021,-0.82286846923025
0.6673634751653462,-0.056125044884227565
0.7755874741615283,0.7551053923661011
0.06491591586467163,0.8616907427508697
-0.8573691757300448,0.27298973180747377
-0.31429425146891,-0.8998684034183115
0.09455840933018314,-0.7666357037699014
-0.34393081810121895,-0.8914422870414194
